{"h_value": 0.5, "function": [[0.0, 2.5464790894703255], [0.2, 2.0575551042920237], [0.4, 1.0797071339354178], [0.6000000000000001, 0.32594932345220146], [0.8, 0.04074366543152518]], "gradient": [[0.0, 0.0], [0.2, -4.278084870310146], [0.4, -4.8892398517830244], [0.6000000000000001, -2.4446199258915113], [0.8, -0.6111549814728778]], "laplacian": [[0.0, -30.557749073643905], [0.2, -12.223099629457563], [0.4, 6.111549814728782], [0.6000000000000001, 12.22309962945756], [0.8, 6.111549814728778]]}