{"h_value": 2, "function": [[0.0, 0.1958351838826056], [0.2, 0.19001868308610834], [0.4, 0.1732624372475609], [0.6000000000000001, 0.14757571535359892], [0.8, 0.11607229682795585], [1.0, 0.08261796820047423], [1.2000000000000002, 0.05133701844372174], [1.4000000000000001, 0.025977732977211496], [1.6, 0.009136886339226838], [1.8, 0.0013432335262507907]], "gradient": [[0.0, 0.0], [0.2, -0.05758141911700252], [0.4, -0.10828902327972559], [0.6000000000000001, -0.14595400419586713], [0.8, -0.1658175668970798], [1.0, -0.16523593640094847], [1.2000000000000002, -0.14438536437296742], [1.4000000000000001, -0.10696713578851796], [1.6, -0.060912575594845614], [1.8, -0.01908805537303756]], "laplacian": [[0.0, -0.2937527758239084], [0.2, -0.2762744856623858], [0.4, -0.22560213183276162], [0.6000000000000001, -0.1470232642998661], [0.8, -0.049350466338416575], [1.0, 0.05507864546698282], [1.2000000000000002, 0.15040142122184116], [1.4000000000000001, 0.2172301777217803], [1.6, 0.23265219845253546], [1.8, 0.1702297335899549]]}