{"h_value": 2, "function": [[0.0, 0.5968310365946076], [0.2, 0.43508982567746896], [0.4, 0.30557749073643914], [0.6000000000000001, 0.20471304555195036], [0.8, 0.1289155039044352], [1.0, 0.07460387957432595], [1.2000000000000002, 0.03819718634205486], [1.4000000000000001, 0.016114437988054394], [1.6, 0.004774648292756857], [1.8, 0.0005968310365946072]], "gradient": [[0.0, -0.8952465548919113], [0.2, -0.7251497094624482], [0.4, -0.5729577951308233], [0.6000000000000001, -0.4386708118970365], [0.8, -0.32228875976108806], [1.0, -0.22381163872297782], [1.2000000000000002, -0.14323944878270573], [1.4000000000000001, -0.08057218994027197], [1.6, -0.03580986219567643], [1.8, -0.008952465548919108]], "laplacian": [[0.0, 0.8952465548919113], [0.2, 0.8057218994027202], [0.4, 0.716197243913529], [0.6000000000000001, 0.6266725884243378], [0.8, 0.5371479329351467], [1.0, 0.44762327744595565], [1.2000000000000002, 0.35809862195676445], [1.4000000000000001, 0.26857396646757337], [1.6, 0.17904931097838217], [1.8, 0.08952465548919109]]}